"Status","Start Time","Stop Time","Duration in ms","Parent Suite","Suite","Sub Suite","Test Class","Test Method","Name","Description"
"passed","Tue Aug 08 11:34:31 IST 2023","Tue Aug 08 11:34:44 IST 2023","12938","chromium","","","","","StandaradCatlog",""
"passed","Tue Aug 08 11:34:44 IST 2023","Tue Aug 08 11:34:58 IST 2023","14746","chromium","","","","","Trending Standards",""
"passed","Tue Aug 08 11:34:19 IST 2023","Tue Aug 08 11:34:32 IST 2023","12898","chromium","","","","","Latest News",""
"passed","Tue Aug 08 11:34:19 IST 2023","Tue Aug 08 11:34:31 IST 2023","11813","chromium","","","","","Header navigation item are visible",""
"passed","Tue Aug 08 11:34:04 IST 2023","Tue Aug 08 11:34:19 IST 2023","15512","chromium","","","","","API Standarads",""
"passed","Tue Aug 08 11:34:04 IST 2023","Tue Aug 08 11:34:19 IST 2023","15401","chromium","","","","","footer",""
"passed","Tue Aug 08 11:34:32 IST 2023","Tue Aug 08 11:34:43 IST 2023","11108","chromium","","","","","Stay Connected",""
"passed","Tue Aug 08 11:23:19 IST 2023","Tue Aug 08 11:23:32 IST 2023","13511","chromium","","","","","test",""
"passed","Tue Aug 08 11:23:43 IST 2023","Tue Aug 08 11:23:53 IST 2023","10883","chromium","","","","","test",""
